session,jrc
afm17307_241024,\\gpfs.corp.brain.mpg.de\stem\data\project_hierarchy\data\np2\afm17307\241024\trial0\ephys\preprocessed\catgt_afm17307_241024_hunting_pups_escape_g0\afm17307_241024_hunting_pups_escape_g0_imec0\afm17307_241024_hunting_pups_escape_g0_tcat.imec0.ap_IRC_jrc.mat
afm17307_241030_0,\\gpfs.corp.brain.mpg.de\stem\data\project_hierarchy\data\np2\afm17307\241030\supercat_afm17307_241030_hunting_pups_escape_g0\afm17307_241030_hunting_pups_escape_g0_imec0\afm17307_241030_hunting_pups_escape_g0_tcat.imec0.ap_IRC_jrc.mat
afm17307_241030_1,\\gpfs.corp.brain.mpg.de\stem\data\project_hierarchy\data\np2\afm17307\241030\supercat_afm17307_241030_hunting_pups_escape_g0\afm17307_241030_hunting_pups_escape_g0_imec0\afm17307_241030_hunting_pups_escape_g0_tcat.imec0.ap_IRC_jrc.mat
afm17307_241030_2,\\gpfs.corp.brain.mpg.de\stem\data\project_hierarchy\data\np2\afm17307\241030\supercat_afm17307_241030_hunting_pups_escape_g0\afm17307_241030_hunting_pups_escape_g0_imec0\afm17307_241030_hunting_pups_escape_g0_tcat.imec0.ap_IRC_jrc.mat
afm17307_241030_0,\\gpfs.corp.brain.mpg.de\stem\data\project_hierarchy\data\np2\afm17307\241030\supercat_afm17307_241030_hunting_pups_escape_g0\afm17307_241030_hunting_pups_escape_g0_imec0\merged_afm17307_241030_hunting_pups_escape_g0_tcat.imec0.ap_IRC_jrc.mat
afm17307_241030_1,\\gpfs.corp.brain.mpg.de\stem\data\project_hierarchy\data\np2\afm17307\241030\supercat_afm17307_241030_hunting_pups_escape_g0\afm17307_241030_hunting_pups_escape_g0_imec0\merged_afm17307_241030_hunting_pups_escape_g0_tcat.imec0.ap_IRC_jrc.mat
afm17307_241030_2,\\gpfs.corp.brain.mpg.de\stem\data\project_hierarchy\data\np2\afm17307\241030\supercat_afm17307_241030_hunting_pups_escape_g0\afm17307_241030_hunting_pups_escape_g0_imec0\merged_afm17307_241030_hunting_pups_escape_g0_tcat.imec0.ap_IRC_jrc.mat
afm17307_241031_0,\\gpfs.corp.brain.mpg.de\stem\data\project_hierarchy\data\np2\afm17307\241031\supercat_afm17307_241031_hunting_pups_escape2_g0\afm17307_241031_hunting_pups_escape2_g0_imec0\afm17307_241031_hunting_pups_escape2_g0_tcat.imec0.ap_IRC_jrc.mat
afm17307_241031_1,\\gpfs.corp.brain.mpg.de\stem\data\project_hierarchy\data\np2\afm17307\241031\supercat_afm17307_241031_hunting_pups_escape2_g0\afm17307_241031_hunting_pups_escape2_g0_imec0\afm17307_241031_hunting_pups_escape2_g0_tcat.imec0.ap_IRC_jrc.mat
afm17307_241031_2,\\gpfs.corp.brain.mpg.de\stem\data\project_hierarchy\data\np2\afm17307\241031\supercat_afm17307_241031_hunting_pups_escape2_g0\afm17307_241031_hunting_pups_escape2_g0_imec0\afm17307_241031_hunting_pups_escape2_g0_tcat.imec0.ap_IRC_jrc.mat
afm17307_241031_3,\\gpfs.corp.brain.mpg.de\stem\data\project_hierarchy\data\np2\afm17307\241031\supercat_afm17307_241031_hunting_pups_escape2_g0\afm17307_241031_hunting_pups_escape2_g0_imec0\afm17307_241031_hunting_pups_escape2_g0_tcat.imec0.ap_IRC_jrc.mat
afm17313_241029_0,\\gpfs.corp.brain.mpg.de\stem\data\project_hierarchy\data\np2\afm17313\241029\catgt_output\supercat_afm17313_241029_hunting_pups_escape_g0\afm17313_241029_hunting_pups_escape_g0_imec0\afm17313_241029_hunting_pups_escape_g0_tcat.imec0.ap_IRC_PAG_jrc.mat
afm17313_241029_1,\\gpfs.corp.brain.mpg.de\stem\data\project_hierarchy\data\np2\afm17313\241029\catgt_output\supercat_afm17313_241029_hunting_pups_escape_g0\afm17313_241029_hunting_pups_escape_g0_imec0\afm17313_241029_hunting_pups_escape_g0_tcat.imec0.ap_IRC_PAG_jrc.mat
afm17313_241029_2,\\gpfs.corp.brain.mpg.de\stem\data\project_hierarchy\data\np2\afm17313\241029\catgt_output\supercat_afm17313_241029_hunting_pups_escape_g0\afm17313_241029_hunting_pups_escape_g0_imec0\afm17313_241029_hunting_pups_escape_g0_tcat.imec0.ap_IRC_PAG_jrc.mat
afm17313_241029_3,\\gpfs.corp.brain.mpg.de\stem\data\project_hierarchy\data\np2\afm17313\241029\catgt_output\supercat_afm17313_241029_hunting_pups_escape_g0\afm17313_241029_hunting_pups_escape_g0_imec0\afm17313_241029_hunting_pups_escape_g0_tcat.imec0.ap_IRC_PAG_jrc.mat
afm17372_241125_0,\\gpfs.corp.brain.mpg.de\stem\data\project_hierarchy\data\np2\afm17372\241125\supercat_afm17372_241125_g0\afm17372_241125_g0_imec0\afm17372_241125_g0_tcat.imec0.ap_IRC_jrc.mat
afm17372_241125_1,\\gpfs.corp.brain.mpg.de\stem\data\project_hierarchy\data\np2\afm17372\241125\supercat_afm17372_241125_g0\afm17372_241125_g0_imec0\afm17372_241125_g0_tcat.imec0.ap_IRC_jrc.mat
afm17372_241125_2,\\gpfs.corp.brain.mpg.de\stem\data\project_hierarchy\data\np2\afm17372\241125\supercat_afm17372_241125_g0\afm17372_241125_g0_imec0\afm17372_241125_g0_tcat.imec0.ap_IRC_jrc.mat
afm17372_241127_0,\\gpfs.corp.brain.mpg.de\stem\data\project_hierarchy\data\np2\afm17372\241127\concat\supercat_afm17372_241127_g0\afm17372_241127_g0_imec0\afm17372_241127_g0_tcat.imec0.ap_shortlist_IRC_jrc.mat
afm17372_241127_1,\\gpfs.corp.brain.mpg.de\stem\data\project_hierarchy\data\np2\afm17372\241127\concat\supercat_afm17372_241127_g0\afm17372_241127_g0_imec0\afm17372_241127_g0_tcat.imec0.ap_shortlist_IRC_jrc.mat
afm17372_241127_2,\\gpfs.corp.brain.mpg.de\stem\data\project_hierarchy\data\np2\afm17372\241127\concat\supercat_afm17372_241127_g0\afm17372_241127_g0_imec0\afm17372_241127_g0_tcat.imec0.ap_shortlist_IRC_jrc.mat
afm17372_241129_0,\\gpfs.corp.brain.mpg.de\stem\data\project_hierarchy\data\np2\afm17372\241129\concat\supercat_afm17372_20241129_0_g0\afm17372_20241129_0_g0_imec0\afm17372_20241129_0_g0_tcat.imec0.ap_IRC_jrc.mat
afm17372_241129_1,\\gpfs.corp.brain.mpg.de\stem\data\project_hierarchy\data\np2\afm17372\241129\concat\supercat_afm17372_20241129_0_g0\afm17372_20241129_0_g0_imec0\afm17372_20241129_0_g0_tcat.imec0.ap_IRC_jrc.mat
afm17372_241129_2,\\gpfs.corp.brain.mpg.de\stem\data\project_hierarchy\data\np2\afm17372\241129\concat\supercat_afm17372_20241129_0_g0\afm17372_20241129_0_g0_imec0\afm17372_20241129_0_g0_tcat.imec0.ap_IRC_jrc.mat
afm17372_241202_0,\\gpfs.corp.brain.mpg.de\stem\data\project_hierarchy\data\np2\afm17372\241202\concat\supercat_afm17372_241202_0_g0\afm17372_241202_0_g0_imec0\afm17372_241202_0_g0_tcat.imec0.ap_IRC_jrc.mat
afm17372_241202_1,\\gpfs.corp.brain.mpg.de\stem\data\project_hierarchy\data\np2\afm17372\241202\concat\supercat_afm17372_241202_0_g0\afm17372_241202_0_g0_imec0\afm17372_241202_0_g0_tcat.imec0.ap_IRC_jrc.mat
afm17372_241202_2,\\gpfs.corp.brain.mpg.de\stem\data\project_hierarchy\data\np2\afm17372\241202\concat\supercat_afm17372_241202_0_g0\afm17372_241202_0_g0_imec0\afm17372_241202_0_g0_tcat.imec0.ap_IRC_jrc.mat
afm17372_241206_0,\\gpfs.corp.brain.mpg.de\stem\data\project_hierarchy\data\np2\afm17372\241206\concat\afm17372_241206_0_g0\afm17372_241206_0_g0_imec0\afm17372_241206_0_g0_tcat.imec0.ap_IRC_jrc.mat
afm17372_241206_1,\\gpfs.corp.brain.mpg.de\stem\data\project_hierarchy\data\np2\afm17372\241206\concat\afm17372_241206_0_g0\afm17372_241206_0_g0_imec0\afm17372_241206_0_g0_tcat.imec0.ap_IRC_jrc.mat
afm17372_241206_0,\\gpfs.corp.brain.mpg.de\stem\data\project_hierarchy\data\np2\afm17372\241206\concat\afm17372_241206_0_g0\afm17372_241206_0_g0_imec0\histo_afm17372_241206_0_g0_tcat.imec0.ap_IRC_jrc.mat
afm17372_241206_1,\\gpfs.corp.brain.mpg.de\stem\data\project_hierarchy\data\np2\afm17372\241206\concat\afm17372_241206_0_g0\afm17372_241206_0_g0_imec0\histo_afm17372_241206_0_g0_tcat.imec0.ap_IRC_jrc.mat
afm17372_241206_0,\\gpfs.corp.brain.mpg.de\stem\data\project_hierarchy\data\np2\afm17372\241206\concat\afm17372_241206_0_g0\afm17372_241206_0_g0_imec0\shortwaves_histo_afm17372_241206_0_g0_tcat.imec0.ap_IRC_jrc.mat
afm17372_241206_1,\\gpfs.corp.brain.mpg.de\stem\data\project_hierarchy\data\np2\afm17372\241206\concat\afm17372_241206_0_g0\afm17372_241206_0_g0_imec0\shortwaves_histo_afm17372_241206_0_g0_tcat.imec0.ap_IRC_jrc.mat
afm17372_241209,\\gpfs.corp.brain.mpg.de\stem\data\project_hierarchy\data\np2\afm17372\241209\trial0\ephys\preprocessed\catgt_afm17372_241209_0_g0\afm17372_241209_0_g0_imec0\afm17372_241209_0_g0_tcat.imec0.ap_irc_jrc.mat
afm17372_241209_01,\\gpfs.corp.brain.mpg.de\stem\data\project_hierarchy\data\np2\afm17372\241209\trial0\ephys\preprocessed\catgt_afm17372_241209_0_g0\afm17372_241209_0_g0_imec0\afm17372_241209_0_g0_tcat.imec0.ap_irc_jrc.mat
afm17372_241209,\\gpfs.corp.brain.mpg.de\stem\data\project_hierarchy\data\np2\afm17372\241209\trial0\ephys\preprocessed\catgt_afm17372_241209_0_g0\afm17372_241209_0_g0_imec0\optimized_afm17372_241209_0_g0_tcat.imec0.ap_irc_jrc.mat
afm17372_241209_01,\\gpfs.corp.brain.mpg.de\stem\data\project_hierarchy\data\np2\afm17372\241209\trial0\ephys\preprocessed\catgt_afm17372_241209_0_g0\afm17372_241209_0_g0_imec0\optimized_afm17372_241209_0_g0_tcat.imec0.ap_irc_jrc.mat
afm17372_241210,\\gpfs.corp.brain.mpg.de\stem\data\project_hierarchy\data\np2\afm17372\241210\trial0\ephys\preprocessed\catgt_afm17372_241210_0_g0\afm17372_241210_0_g0_imec0\afm17372_241210_0_g0_tcat.imec0.ap_IRC_jrc.mat
afm17372_241212,\\gpfs.corp.brain.mpg.de\stem\data\project_hierarchy\data\np2\afm17372\241212\trial0\ephys\preprocessed\catgt_afm17372_241212_0_g0\afm17372_241212_0_g0_imec0\afm17372_241212_0_g0_tcat.imec0.ap_IRC_jrc.mat
afm17372_241213,\\gpfs.corp.brain.mpg.de\stem\data\project_hierarchy\data\np2\afm17372\241213\trial0\ephys\preprocessed\catgt_afm17372_241213_0_g0\afm17372_241213_0_g0_imec0\afm17372_241213_0_g0_tcat.imec0.lf_shortlist_IRC_jrc.mat
afm18349_260317_0,\\gpfs.corp.brain.mpg.de\stem\data\Project_Motor\NPX\00_data\260317_AFM-18349\catgt_260317_afm18349_g0\260317_afm18349_g0_imec0\260317_afm18349_g0_tcat.imec0.ap_IRC_jrc.mat
afm18349_260317_0_all_sites,\\gpfs.corp.brain.mpg.de\stem\data\Project_Motor\NPX\00_data\260317_AFM-18349\catgt_260317_afm18349_g0\260317_afm18349_g0_imec0\260317_afm18349_g0_tcat.imec0.ap_IRC_jrc.mat
afm18367_260317_0,\\gpfs.corp.brain.mpg.de\stem\data\Project_Motor\NPX\00_data\260317_AFM-18367\supercat_260317_afm18367_g0\260317_afm18367_g0_imec0\test260317_afm18367_g0_tcat.imec0.ap_IRC_jrc.mat
afm18367_260317_0_hdbscan,\\gpfs.corp.brain.mpg.de\stem\data\Project_Motor\NPX\00_data\260317_AFM-18367\supercat_260317_afm18367_g0\260317_afm18367_g0_imec0\test260317_afm18367_g0_tcat.imec0.ap_IRC_jrc.mat
afm18367_260317_1,\\gpfs.corp.brain.mpg.de\stem\data\Project_Motor\NPX\00_data\260317_AFM-18367\supercat_260317_afm18367_g0\260317_afm18367_g0_imec0\test260317_afm18367_g0_tcat.imec0.ap_IRC_jrc.mat
afm18367_260317_1_hdbscan,\\gpfs.corp.brain.mpg.de\stem\data\Project_Motor\NPX\00_data\260317_AFM-18367\supercat_260317_afm18367_g0\260317_afm18367_g0_imec0\test260317_afm18367_g0_tcat.imec0.ap_IRC_jrc.mat
afm18349_260320_0,\\gpfs.corp.brain.mpg.de\stem\data\Project_Motor\NPX\00_data\260320_AFM-18349\catgt_260320_afm18349_g0\260320_afm18349_g0_imec0\260320_afm18349_g0_tcat.imec0.ap_IRC_jrc.mat
afm18367_260320_0,\\gpfs.corp.brain.mpg.de\stem\data\Project_Motor\NPX\00_data\260320_AFM-18367\260320_afm18367_g0\260320_afm18367_g0_imec0\260320_afm18367_g0_tcat.imec0.ap_IRC_jrc.mat
afm18349_260324_0,\\gpfs.corp.brain.mpg.de\stem\data\Project_Motor\NPX\00_data\260324_AFM-18349\catgt_260324_afm18349_g0\260324_afm18349_g0_imec0\260324_afm18349_g0_tcat.imec0.ap_IRC_jrc.mat
